PRAGMA foreign_keys=OFF;
BEGIN TRANSACTION;
CREATE TABLE "schema_migrations" ("version" varchar NOT NULL PRIMARY KEY);
INSERT INTO "schema_migrations" VALUES('20161125025612');
INSERT INTO "schema_migrations" VALUES('20161125025613');
INSERT INTO "schema_migrations" VALUES('20161125025614');
INSERT INTO "schema_migrations" VALUES('20161125025615');
INSERT INTO "schema_migrations" VALUES('20161125025616');
INSERT INTO "schema_migrations" VALUES('20161125025617');
INSERT INTO "schema_migrations" VALUES('20161125025618');
INSERT INTO "schema_migrations" VALUES('20161222144610');
INSERT INTO "schema_migrations" VALUES('20170102145700');
INSERT INTO "schema_migrations" VALUES('20170102175227');
INSERT INTO "schema_migrations" VALUES('20170102094915');
INSERT INTO "schema_migrations" VALUES('20170103033447');
CREATE TABLE "ar_internal_metadata" ("key" varchar NOT NULL PRIMARY KEY, "value" varchar, "created_at" datetime NOT NULL, "updated_at" datetime NOT NULL);
INSERT INTO "ar_internal_metadata" VALUES('environment','development','2016-11-25 01:46:03.099138','2016-11-25 01:46:03.099138');
CREATE TABLE "carts" ("id" INTEGER PRIMARY KEY AUTOINCREMENT NOT NULL, "products" text, "customer_id" integer, "created_at" datetime NOT NULL, "updated_at" datetime NOT NULL);
INSERT INTO "carts" VALUES(1,'glglgljhgfghgj',1,'2016-11-25 14:08:07.117059','2016-11-25 14:08:07.117059');
INSERT INTO "carts" VALUES(3,NULL,NULL,'2017-01-03 15:39:32.854287','2017-01-03 15:39:32.854287');
INSERT INTO "carts" VALUES(4,NULL,NULL,'2017-01-03 15:39:50.150147','2017-01-03 15:39:50.150147');
INSERT INTO "carts" VALUES(5,NULL,NULL,'2017-01-03 15:40:01.623914','2017-01-03 15:40:01.623914');
INSERT INTO "carts" VALUES(6,NULL,2,'2017-01-03 15:40:49.811290','2017-01-03 16:44:37.588107');
INSERT INTO "carts" VALUES(7,NULL,3,'2017-01-04 09:24:00.945631','2017-01-04 19:57:48.760931');
INSERT INTO "carts" VALUES(8,NULL,NULL,'2017-01-05 01:17:25.910919','2017-01-05 01:17:25.910919');
INSERT INTO "carts" VALUES(9,NULL,NULL,'2017-01-05 02:35:19.348159','2017-01-05 02:35:19.348159');
CREATE TABLE "deliveries" ("id" INTEGER PRIMARY KEY AUTOINCREMENT NOT NULL, "customer_id" integer, "cart_id" integer, "adress" varchar, "zip" integer, "city" varchar, "payed" boolean, "shipped" boolean, "order_date" boolean, "created_at" datetime NOT NULL, "updated_at" datetime NOT NULL);
INSERT INTO "deliveries" VALUES(1,1,1,'asfd',11,'asd','f','t','f','2016-11-25 14:09:00.047867','2016-11-25 14:09:13.885598');
INSERT INTO "deliveries" VALUES(2,NULL,8,NULL,NULL,NULL,NULL,NULL,NULL,'2017-01-05 02:35:18.874027','2017-01-05 02:35:18.874027');
CREATE TABLE "categories" ("id" INTEGER PRIMARY KEY AUTOINCREMENT NOT NULL, "name" varchar, "parent" integer, "created_at" datetime NOT NULL, "updated_at" datetime NOT NULL);
INSERT INTO "categories" VALUES(1,'All',0,'2016-11-25 13:19:27.925065','2016-11-25 13:19:27.925065');
INSERT INTO "categories" VALUES(2,'Märken',1,'2016-11-25 13:19:41.266954','2016-11-25 13:19:41.266954');
INSERT INTO "categories" VALUES(3,'Tillbehör',1,'2016-11-25 14:01:12.703512','2016-11-30 21:25:34.894457');
INSERT INTO "categories" VALUES(4,'Vävda',2,'2016-12-11 21:33:46.204232','2016-12-11 21:33:46.204232');
INSERT INTO "categories" VALUES(5,'Broderade',2,'2016-12-11 21:34:10.851846','2016-12-11 21:34:10.851846');
INSERT INTO "categories" VALUES(6,'Dragkedjor',3,'2016-12-11 21:34:26.863548','2016-12-11 21:34:26.863548');
INSERT INTO "categories" VALUES(7,'Karbinhakar',3,'2016-12-11 21:34:44.724766','2016-12-11 21:34:44.724766');
INSERT INTO "categories" VALUES(8,'Capshanddukar',3,'2016-12-11 21:35:14.809122','2016-12-11 21:35:14.809122');
CREATE TABLE "products" ("id" INTEGER PRIMARY KEY AUTOINCREMENT NOT NULL, "name" varchar, "description" text, "picture" varchar, "category_id" integer, "price" float, "stock" integer, "created_at" datetime NOT NULL, "updated_at" datetime NOT NULL);
INSERT INTO "products" VALUES(1,'Datamärke','Märket som pryder overallen för alla studerande under Datasektionen vid Luleå Tekinska Universitet.

Förutom att visa att bäraren är en person av ytterst god karaktär tyder det även på att det här är någon som vet hur man konsumerar öl. Söker du en utmaning när det kommer till häfv bör du söka upp en ägare av detta märke.','products/datasektionen.bmp',5,21.0,420,'2016-11-25 13:21:01.456963','2016-12-20 01:46:59.686707');
INSERT INTO "products" VALUES(2,'Sjöslaget ''15 - SUS KM','Detta märke trycktes upp, samt delades ut, av SUS KM under sjöslaget 2015. Ytterst löjligt.','products/sjöslaget.bmp',4,10.4,20,'2016-11-25 14:04:28.099670','2016-12-20 01:47:18.074981');
INSERT INTO "products" VALUES(3,'Kränkt','Har du många vänner som lätt blir kränkta? Då är det här märket perfekt för dig. 

Narra den som narras kan!','products/kränkt.jpg',5,20.0,10,'2016-12-20 00:49:48.934465','2016-12-20 00:49:48.934465');
INSERT INTO "products" VALUES(4,'Musikhjälpen ''16','För varje märke du köper doneras vinsten avkortat till musikhjälpen och krigsdrabbade barns rätt att gå i skolan.','products/musikhjälpen.jpg',4,30.0,300,'2016-12-20 00:51:16.355375','2016-12-20 01:31:18.519707');
INSERT INTO "products" VALUES(5,'Snorlax','För den lata.','products/snorlax.jpg',4,5.0,42,'2016-12-20 00:51:56.407508','2016-12-20 01:31:00.082403');
INSERT INTO "products" VALUES(6,'Systembolaget','Systembolagets öppettider. Nu behöver du aldrig slå upp det igen. Kan bli ditt för priset av en bayerskt på STUK.','products/systembolaget.jpg',5,39.0,100,'2016-12-20 00:53:31.483142','2016-12-20 00:53:31.483142');
INSERT INTO "products" VALUES(7,'What doesn''t kill you','What doesn''t kill you gives you XP. Som i Experience Points. Inte Extreme Programming.','products/what_doesnt_kill_you.jpg',5,15.0,64,'2016-12-20 00:54:49.295649','2016-12-20 01:43:19.784117');
INSERT INTO "products" VALUES(8,'Carlsberg','Har du spillt en Calle? Ingen fara, med denna capshandduk är det bara att torka upp och hälla tillbaks i glaset.','products/carlsberg.jpg',8,60.0,13,'2016-12-20 00:56:43.105622','2016-12-20 00:56:43.105622');
INSERT INTO "products" VALUES(9,'Falcon','Capshandduk med Falcon som motiv','products/falcon.jpg',8,60.0,97,'2016-12-20 00:57:21.629990','2016-12-20 00:57:21.629990');
INSERT INTO "products" VALUES(10,'Hard Rock Café','Visa stöd för ditt favorit"café". Musik ska spelas med gitarr. Distad gitarr.','products/hard_rock_cafe.jpg',8,120.0,8,'2016-12-20 00:58:31.727058','2016-12-20 00:58:31.727058');
INSERT INTO "products" VALUES(11,'Jack Daniels','You have bad taste and you should feel bad.','products/jack_daniels.jpg',8,9.0,12,'2016-12-20 00:59:26.464989','2016-12-20 00:59:26.464989');
INSERT INTO "products" VALUES(12,'Smirnoff','Här grabben, får du lite smirnoff','products/smirnoff.jpg',8,12.0,28,'2016-12-20 01:00:03.368090','2016-12-20 01:00:03.368090');
INSERT INTO "products" VALUES(13,'Stella Artois','vad ens?','products/stella_artois.jpg',8,60.0,20,'2016-12-20 01:00:38.127967','2016-12-20 01:00:38.127967');
INSERT INTO "products" VALUES(14,'Billig stålhake','Det här är våran billigaste modell. Lita inte på den att hålla upp några större vikter, men passar perfekt till din nyckelknippa','products/billig.jpg',7,4.99,299,'2016-12-20 01:02:32.780976','2016-12-20 01:02:32.780976');
INSERT INTO "products" VALUES(15,'Blå karbinhake','Blå karbinhake av lättviktsmetall','products/blå.jpg',7,12.0,100,'2016-12-20 01:03:11.758714','2016-12-20 01:03:11.758714');
INSERT INTO "products" VALUES(16,'Grön karbinhake','Grön karbinhake av lättviktsaliminium. Den håller inte mycket, men den är snygg','',7,12.0,100,'2016-12-20 01:03:55.138435','2016-12-24 00:46:22.482047');
INSERT INTO "products" VALUES(17,'Gul karbinhake','Den här karbinhaken har tillochmed gummerat grepp så du kan använda den till att bära saker i.','products/gul.jpg',7,29.9,30,'2016-12-20 01:04:53.530930','2016-12-20 01:04:53.530930');
INSERT INTO "products" VALUES(18,'Pistolhake','Klassikern för att fästa en kedja eller nyckelring i bälteshållaren. Nu kan du vara lika tuff som grabbarna i grundskolan.','products/pistolhake.jpg',7,9.9,199,'2016-12-20 01:05:54.655242','2016-12-20 01:06:06.435360');
INSERT INTO "products" VALUES(19,'Karbinhake med skruvlås','Den här karbinhaken är utrustad med skruvlås. Använd den för att fästa saker som du inte vill ta loss så ofta eller ska fästas vid utsatta platser.','products/skruvlås.jpg',7,25.0,17,'2016-12-20 01:07:16.688316','2016-12-20 01:07:16.688316');
INSERT INTO "products" VALUES(20,'Störsten','Megastor karbinhake i stål. Den väger som bly, men vad spelar det för roll när man får vara coolast i hooden?','products/storstål.jpg',7,100.0,4,'2016-12-20 01:08:18.093646','2016-12-20 01:08:18.093646');
INSERT INTO "products" VALUES(21,'Enorm','Den största dragkedjan du någonsin sett. Själva kedjan mäter över 2 meter. 

Färg: Svartvit','products/enorm_svartvit.jpg',6,199.0,20,'2016-12-20 01:10:35.571686','2016-12-20 01:10:35.571686');
INSERT INTO "products" VALUES(22,'5-pack färgade','Ett 5-pack med mixade färgade dragkedjor med dubbeldrag.','products/färgad_mixed.jpg',6,100.0,20,'2016-12-20 01:12:01.495266','2016-12-20 01:12:01.495266');
INSERT INTO "products" VALUES(23,'5-pack neon','Blandpack med slumpvis valda neonfärgade dragkedjor. Säljes i 5-pack.','products/neon_mixed.jpg',6,100.0,20,'2016-12-20 01:13:03.506917','2016-12-20 01:13:03.506917');
INSERT INTO "products" VALUES(24,'Självlysande','Självlysande dragkedja, som dessutom är något större än du är van vid. Med den här på din ovve kan du vara säker på att du sticker ut!','products/självlysande.jpg',6,39.0,20,'2016-12-20 01:13:58.918684','2016-12-20 01:13:58.918684');
INSERT INTO "products" VALUES(25,'Svart guld','Precis som den billiga ölen med samma namn är den här inte speciellt häftig. Den gör sitt jobb, inte mycket mer.','products/svart_guld.jpg',6,19.0,100,'2016-12-20 01:15:06.836924','2016-12-20 01:15:06.836924');
INSERT INTO "products" VALUES(26,'Svart neon','Dragkedja med svart tyg och kedja i grön neon. Kedjan reagerar även med UV-ljus så du kan sticka ut lite extra på dansgolvet.','products/svart_neon.jpg',6,20.0,100,'2016-12-20 01:16:13.553721','2016-12-20 01:16:13.553721');
INSERT INTO "products" VALUES(27,'Svart metall','Om din mamma handlade här hade hon förmodligen köpt den här.','products/svart_metall.jpg',6,20.0,200,'2016-12-20 01:16:57.674233','2016-12-20 01:16:57.674233');
INSERT INTO "products" VALUES(28,'Placeholder','Det här är en placeholder','',5,999.999,999,'2016-12-25 16:42:39.396015','2016-12-25 16:43:32.633852');
CREATE TABLE "sales" ("id" INTEGER PRIMARY KEY AUTOINCREMENT NOT NULL, "start_date" datetime, "end_date" datetime, "picture" varchar, "created_at" datetime NOT NULL, "updated_at" datetime NOT NULL);
CREATE TABLE "sales_products" ("id" INTEGER PRIMARY KEY AUTOINCREMENT NOT NULL, "sale_id" integer, "product_id" integer, "created_at" datetime NOT NULL, "updated_at" datetime NOT NULL);
CREATE TABLE "Customers" ("id" INTEGER PRIMARY KEY AUTOINCREMENT NOT NULL, "name" varchar, "p_nr" varchar, "adress" varchar, "zip" integer, "city" varchar, "email" varchar, "phone_nr" varchar, "password_digest" varchar, "picture" varchar, "created_at" datetime NOT NULL, "updated_at" datetime NOT NULL, "permission" integer DEFAULT 1);
INSERT INTO "Customers" VALUES(1,'Nick','stuff','Universitetsvägen 2',12345,'Luleå','no@washing@of.this','stuff','no.sec','not_yet.jpg','2016-11-25 14:00:12.279598','2016-11-25 14:00:12.279598',1);
INSERT INTO "Customers" VALUES(2,'nikalas','','luleå 1'' OR 1=1; drop * from customers;',NULL,'','n_eliason@hotmail.com','n_eliason@hotmail.com','$2a$10$ot//nfkgqMv.bY95MW4otOr9hPaIrZrRHAzBmZMY0zwtjbe8ak1mC','','2016-12-25 13:55:26.871701','2017-01-03 15:53:39.700680',1);
INSERT INTO "Customers" VALUES(3,'Niklas Admin','','',NULL,'','nikalas.e@gmail.com','','$2a$10$kkVaG5k.4Tzim01YookR4ePPn9nadC3yic6AblgHn.CGAOaee9S8C','','2017-01-03 16:06:19.743280','2017-01-03 16:35:20.257842',3);
CREATE TABLE "ratings" ("id" INTEGER PRIMARY KEY AUTOINCREMENT NOT NULL, "product_id" integer, "customer_id" integer, "grade" integer, "review" varchar, "created_at" datetime NOT NULL, "updated_at" datetime NOT NULL);
INSERT INTO "ratings" VALUES(1,8,1,1,'re you so desperate to fight criminals that you lock yourself in to take them on one at a time ?  Look around you. You''ll see two councilmen, a union official, couple off-duty cops and a judge. I wouldn''t have a second''s hesitation of blowing your head off in front of them. Now, that''s power you can''t buy. That''s the power of fear.','2017-01-02 18:21:51.282123','2017-01-02 18:21:51.282123');
INSERT INTO "ratings" VALUES(2,8,2,3,'Let me get this straight. You think that your client, one of the wealthiest, most powerful men in the world is secretly a vigilante who spends his nights beating criminals to a pulp with his bare hands and your plan is to blackmail this person? Good luck.  You can swapnot sleeping in a penthouse... for not sleeping in a mansion. Whenever you stitch yourself up, you do make a bloody mess.','2017-01-02 18:22:27.661690','2017-01-02 18:22:27.661690');
INSERT INTO "ratings" VALUES(3,8,2,2,'You wanna know how I got them? So I had a wife. She was beautiful, like you, who tells me I worry too much, who tells me I ought to smile more, who gambles and gets in deep with the sharks. Hey. One day they carve her face. And we have no money for surgeries. She can''t take it. I just wanna see her smile again. I just want her to know that I don''t care about the scars. So, I do this to myself. And you know what? She can''t stand the sight of me. She leaves. Now I see the funny side. Now I''m always smiling.','2017-01-02 18:23:07.772553','2017-01-02 19:33:18.512460');
INSERT INTO "ratings" VALUES(4,8,1,2,'','2017-01-02 18:56:28.634974','2017-01-02 18:56:28.634974');
INSERT INTO "ratings" VALUES(5,8,1,4,'asfd asdf asdf asdf asdf','2017-01-02 19:37:56.859600','2017-01-02 19:37:56.859600');
INSERT INTO "ratings" VALUES(6,8,2,5,'Högsta betyg!','2017-01-02 19:38:39.409368','2017-01-02 19:39:37.251040');
INSERT INTO "ratings" VALUES(7,8,2,0,'Den här produkten sög!','2017-01-02 19:39:08.784331','2017-01-02 19:39:08.784331');
INSERT INTO "ratings" VALUES(9,8,2,5,'höhöhöhö','2017-01-03 01:32:44.140428','2017-01-03 01:32:44.140428');
INSERT INTO "ratings" VALUES(10,8,2,1,'herro','2017-01-03 14:42:41.037188','2017-01-03 14:42:41.037188');
INSERT INTO "ratings" VALUES(11,8,3,1,'naeh, inte bra ass','2017-01-03 16:41:05.395272','2017-01-03 16:41:05.395272');
INSERT INTO "ratings" VALUES(12,8,3,5,'wohoo','2017-01-03 16:43:07.820235','2017-01-03 16:43:07.820235');
INSERT INTO "ratings" VALUES(13,8,2,1,'gillar den fortfarande inte','2017-01-03 16:45:08.882678','2017-01-03 16:45:08.882678');
INSERT INTO "ratings" VALUES(14,1,2,1,'Den här produkten var inte så bra','2017-01-04 17:14:31.950062','2017-01-04 17:14:31.950062');
INSERT INTO "ratings" VALUES(15,2,2,5,'Jag var på sjöslaget och tyckte att det här märket var superhäftig!','2017-01-04 17:16:20.410774','2017-01-04 17:17:14.134569');
INSERT INTO "ratings" VALUES(16,4,3,5,'Så häftigt att man får stödja musikhjälpen!','2017-01-04 17:22:56.779242','2017-01-04 17:22:56.779242');
INSERT INTO "ratings" VALUES(17,1,2,5,'Jag älskar datasektionen!','2017-01-04 17:43:26.074483','2017-01-04 17:43:26.074483');
INSERT INTO "ratings" VALUES(18,1,2,4,'Jag gillar datasektionen!','2017-01-04 17:44:27.150673','2017-01-04 17:44:27.150673');
INSERT INTO "ratings" VALUES(19,2,2,1,'kul event, fult märke','2017-01-04 17:58:58.894247','2017-01-04 17:58:58.894247');
CREATE TABLE "cart_items" ("id" INTEGER PRIMARY KEY AUTOINCREMENT NOT NULL, "owner_id" integer, "owner_type" varchar, "quantity" integer, "item_id" integer, "item_type" varchar, "price_cents" integer DEFAULT 0 NOT NULL, "price_currency" varchar DEFAULT 'USD' NOT NULL);
INSERT INTO "cart_items" VALUES(1,4,'Cart',1,3,'Product',2000,'USD');
INSERT INTO "cart_items" VALUES(2,6,'Cart',1,28,'Product',100000,'USD');
INSERT INTO "cart_items" VALUES(3,6,'Cart',3,22,'Product',10000,'USD');
INSERT INTO "cart_items" VALUES(4,6,'Cart',1,13,'Product',6000,'USD');
INSERT INTO "cart_items" VALUES(5,7,'Cart',1,2,'Product',1040,'USD');
INSERT INTO "cart_items" VALUES(6,7,'Cart',3,4,'Product',3000,'USD');
INSERT INTO "cart_items" VALUES(7,7,'Cart',1,5,'Product',500,'USD');
DELETE FROM sqlite_sequence;
INSERT INTO "sqlite_sequence" VALUES('categories',8);
INSERT INTO "sqlite_sequence" VALUES('products',28);
INSERT INTO "sqlite_sequence" VALUES('carts',9);
INSERT INTO "sqlite_sequence" VALUES('deliveries',2);
INSERT INTO "sqlite_sequence" VALUES('Customers',3);
INSERT INTO "sqlite_sequence" VALUES('ratings',19);
INSERT INTO "sqlite_sequence" VALUES('cart_items',7);
CREATE INDEX "index_carts_on_customer_id" ON "carts" ("customer_id");
CREATE INDEX "index_deliveries_on_customer_id" ON "deliveries" ("customer_id");
CREATE INDEX "index_deliveries_on_cart_id" ON "deliveries" ("cart_id");
CREATE INDEX "index_products_on_category_id" ON "products" ("category_id");
CREATE INDEX "index_sales_products_on_sale_id" ON "sales_products" ("sale_id");
CREATE INDEX "index_sales_products_on_product_id" ON "sales_products" ("product_id");
CREATE INDEX "index_ratings_on_product_id" ON "ratings" ("product_id");
CREATE INDEX "index_ratings_on_customer_id" ON "ratings" ("customer_id");
COMMIT;
